Type,Name,Request Count,Failure Count,Median Response Time,Average Response Time,Min Response Time,Max Response Time,Average Content Size,Requests/s,Failures/s,50%,66%,75%,80%,90%,95%,98%,99%,99.9%,99.99%,100%
POST,/orders/checkout/[order_id],18,0,870.0,1170.0087160555895,676.3506679999409,2298.19385600058,0.0,7.162980628374778,0.0,880,1300,1300,1300,2300,2300,2300,2300,2300,2300,2300
,Aggregated,18,0,870.0,1170.0087160555895,676.3506679999409,2298.19385600058,0.0,7.162980628374778,0.0,880,1300,1300,1300,2300,2300,2300,2300,2300,2300,2300
