Type,Name,Request Count,Failure Count,Median Response Time,Average Response Time,Min Response Time,Max Response Time,Average Content Size,Requests/s,Failures/s,50%,66%,75%,80%,90%,95%,98%,99%,99.9%,99.99%,100%
POST,/orders/checkout/[order_id],989978,26,95,684.9571260767393,0.5932849999226164,61881.07126599971,0.07502691979013675,5468.004940970932,0.14360736144161207,95,200,250,270,340,430,730,30000,59000,60000,62000
,Aggregated,989978,26,95,684.9571260767393,0.5932849999226164,61881.07126599971,0.07502691979013675,5468.004940970932,0.14360736144161207,95,200,250,270,340,430,730,30000,59000,60000,62000
