Type,Name,Request Count,Failure Count,Median Response Time,Average Response Time,Min Response Time,Max Response Time,Average Content Size,Requests/s,Failures/s,50%,66%,75%,80%,90%,95%,98%,99%,99.9%,99.99%,100%
POST,/orders/checkout/[order_id],1,0,4240.005821000523,4240.005821000523,4240.005821000523,4240.005821000523,19.0,22.242335859322385,0.0,4200,4200,4200,4200,4200,4200,4200,4200,4200,4200,4200
,Aggregated,1,0,4240.005821000523,4240.005821000523,4240.005821000523,4240.005821000523,19.0,22.242335859322385,0.0,4200,4200,4200,4200,4200,4200,4200,4200,4200,4200,4200
