Type,Name,Request Count,Failure Count,Median Response Time,Average Response Time,Min Response Time,Max Response Time,Average Content Size,Requests/s,Failures/s,50%,66%,75%,80%,90%,95%,98%,99%,99.9%,99.99%,100%
POST,/orders/checkout/[order_id],301,3,32000.0,30337.843724930164,5874.350448000769,34988.72363799819,153.7607973421927,416.6526693964193,4.152684412588896,32000,33000,34000,34000,34000,35000,35000,35000,35000,35000,35000
,Aggregated,301,3,32000.0,30337.843724930164,5874.350448000769,34988.72363799819,153.7607973421927,416.6526693964193,4.152684412588896,32000,33000,34000,34000,34000,35000,35000,35000,35000,35000,35000
