Type,Name,Request Count,Failure Count,Median Response Time,Average Response Time,Min Response Time,Max Response Time,Average Content Size,Requests/s,Failures/s,50%,66%,75%,80%,90%,95%,98%,99%,99.9%,99.99%,100%
POST,/orders/checkout/[order_id],1104192,1,37,516.6805097457735,0.605318999987503,57120.654180999736,0.05952497391757955,6121.905461813418,0.005544240007003689,37,84,130,160,240,300,620,22000,52000,55000,57000
,Aggregated,1104192,1,37,516.6805097457735,0.605318999987503,57120.654180999736,0.05952497391757955,6121.905461813418,0.005544240007003689,37,84,130,160,240,300,620,22000,52000,55000,57000
