Type,Name,Request Count,Failure Count,Median Response Time,Average Response Time,Min Response Time,Max Response Time,Average Content Size,Requests/s,Failures/s,50%,66%,75%,80%,90%,95%,98%,99%,99.9%,99.99%,100%
POST,/orders/checkout/[order_id],1087912,8,92,527.0334765431304,0.6373599999278667,48831.867181999995,0.05934119671444014,6028.82832749523,0.04433320582911287,92,200,250,280,350,450,760,20000,47000,49000,49000
,Aggregated,1087912,8,92,527.0334765431304,0.6373599999278667,48831.867181999995,0.05934119671444014,6028.82832749523,0.04433320582911287,92,200,250,280,350,450,760,20000,47000,49000,49000
