Type,Name,Request Count,Failure Count,Median Response Time,Average Response Time,Min Response Time,Max Response Time,Average Content Size,Requests/s,Failures/s,50%,66%,75%,80%,90%,95%,98%,99%,99.9%,99.99%,100%
POST,/orders/checkout/[order_id],1038346,0,66,611.9569181689766,0.6483939999952781,57919.520523000014,0.057148580530959815,5755.974374462688,0.0,66,160,220,250,320,380,630,29000,56000,58000,58000
,Aggregated,1038346,0,66,611.9569181689766,0.6483939999952781,57919.520523000014,0.057148580530959815,5755.974374462688,0.0,66,160,220,250,320,380,630,29000,56000,58000,58000
