Type,Name,Request Count,Failure Count,Median Response Time,Average Response Time,Min Response Time,Max Response Time,Average Content Size,Requests/s,Failures/s,50%,66%,75%,80%,90%,95%,98%,99%,99.9%,99.99%,100%
POST,/orders/checkout/[order_id],76360,446,13000.0,12646.266221135895,2.2961590002523735,19426.499471999705,0.6077658459926664,636.3354661820957,3.716679124112293,13000,13000,14000,14000,15000,16000,16000,16000,18000,19000,19000
,Aggregated,76360,446,13000.0,12646.266221135895,2.2961590002523735,19426.499471999705,0.6077658459926664,636.3354661820957,3.716679124112293,13000,13000,14000,14000,15000,16000,16000,16000,18000,19000,19000
