Type,Name,Request Count,Failure Count,Median Response Time,Average Response Time,Min Response Time,Max Response Time,Average Content Size,Requests/s,Failures/s,50%,66%,75%,80%,90%,95%,98%,99%,99.9%,99.99%,100%
POST,/orders/checkout/[order_id],11885,7,51000.0,71220.06041204654,380.7790759999534,148710.23109400016,79.65384938998739,68.96548022901375,0.04061913013067701,51000,124000,132000,142000,144000,145000,146000,147000,148000,149000,149000
,Aggregated,11885,7,51000.0,71220.06041204654,380.7790759999534,148710.23109400016,79.65384938998739,68.96548022901375,0.04061913013067701,51000,124000,132000,142000,144000,145000,146000,147000,148000,149000,149000
