Type,Name,Request Count,Failure Count,Median Response Time,Average Response Time,Min Response Time,Max Response Time,Average Content Size,Requests/s,Failures/s,50%,66%,75%,80%,90%,95%,98%,99%,99.9%,99.99%,100%
POST,/orders/checkout/[order_id],5,0,32000.0,31477.13363120019,30177.180939999744,32354.332778000753,167.0,6.584410927885675,0.0,32000,32000,32000,32000,32000,32000,32000,32000,32000,32000,32000
,Aggregated,5,0,32000.0,31477.13363120019,30177.180939999744,32354.332778000753,167.0,6.584410927885675,0.0,32000,32000,32000,32000,32000,32000,32000,32000,32000,32000,32000
