Type,Name,Request Count,Failure Count,Median Response Time,Average Response Time,Min Response Time,Max Response Time,Average Content Size,Requests/s,Failures/s,50%,66%,75%,80%,90%,95%,98%,99%,99.9%,99.99%,100%
POST,/orders/checkout/[order_id],76880,216,13000.0,12581.19338609007,17.426207999960752,20291.500854998958,0.5351066597294485,639.4741226874161,1.7966494602039786,13000,13000,14000,14000,14000,15000,16000,17000,20000,20000,20000
,Aggregated,76880,216,13000.0,12581.19338609007,17.426207999960752,20291.500854998958,0.5351066597294485,639.4741226874161,1.7966494602039786,13000,13000,14000,14000,14000,15000,16000,17000,20000,20000,20000
