Type,Name,Request Count,Failure Count,Median Response Time,Average Response Time,Min Response Time,Max Response Time,Average Content Size,Requests/s,Failures/s,50%,66%,75%,80%,90%,95%,98%,99%,99.9%,99.99%,100%
POST,/orders/checkout/[order_id],169053,1,150.0,5436.368307772547,0.5411999991338234,101273.94209799968,0.13555512176654658,1405.7759270732297,0.008315592903250636,150,260,310,350,15000,48000,61000,96000,99000,100000,101000
,Aggregated,169053,1,150.0,5436.368307772547,0.5411999991338234,101273.94209799968,0.13555512176654658,1405.7759270732297,0.008315592903250636,150,260,310,350,15000,48000,61000,96000,99000,100000,101000
