Type,Name,Request Count,Failure Count,Median Response Time,Average Response Time,Min Response Time,Max Response Time,Average Content Size,Requests/s,Failures/s,50%,66%,75%,80%,90%,95%,98%,99%,99.9%,99.99%,100%
POST,/orders/checkout/[order_id],1167213,0,48,435.875234677722,0.47924599994075834,46303.54937700008,0.05104895164807109,6470.389080340428,0.0,48,120,170,200,270,320,470,14000,44000,46000,46000
,Aggregated,1167213,0,48,435.875234677722,0.47924599994075834,46303.54937700008,0.05104895164807109,6470.389080340428,0.0,48,120,170,200,270,320,470,14000,44000,46000,46000
