Type,Name,Request Count,Failure Count,Median Response Time,Average Response Time,Min Response Time,Max Response Time,Average Content Size,Requests/s,Failures/s,50%,66%,75%,80%,90%,95%,98%,99%,99.9%,99.99%,100%
POST,/orders/checkout/[order_id],13,0,46,43.564434538543885,12.229425000441552,58.7563119997867,157.0,81.99909167195523,0.0,46,48,51,53,55,59,59,59,59,59,59
,Aggregated,13,0,46,43.564434538543885,12.229425000441552,58.7563119997867,157.0,81.99909167195523,0.0,46,48,51,53,55,59,59,59,59,59,59
