Type,Name,Request Count,Failure Count,Median Response Time,Average Response Time,Min Response Time,Max Response Time,Average Content Size,Requests/s,Failures/s,50%,66%,75%,80%,90%,95%,98%,99%,99.9%,99.99%,100%
POST,/orders/checkout/[order_id],67,0,13000.0,53274.62465686561,6308.029568000165,174253.7797619998,147.0597014925373,28.39003827353378,0.0,13000,102000,103000,103000,164000,168000,174000,174000,174000,174000,174000
,Aggregated,67,0,13000.0,53274.62465686561,6308.029568000165,174253.7797619998,147.0597014925373,28.39003827353378,0.0,13000,102000,103000,103000,164000,168000,174000,174000,174000,174000,174000
