Type,Name,Request Count,Failure Count,Median Response Time,Average Response Time,Min Response Time,Max Response Time,Average Content Size,Requests/s,Failures/s,50%,66%,75%,80%,90%,95%,98%,99%,99.9%,99.99%,100%
POST,/orders/checkout/[order_id],139,0,200.0,9340.492763287757,32.23318999971525,31719.976907999808,159.9496402877698,102.58636373794077,0.0,200,250,31000,31000,31000,32000,32000,32000,32000,32000,32000
,Aggregated,139,0,200.0,9340.492763287757,32.23318999971525,31719.976907999808,159.9496402877698,102.58636373794077,0.0,200,250,31000,31000,31000,32000,32000,32000,32000,32000,32000
